cid,smiles,NR3C1
5024764,CC(C)(C)c1cc(CC(C)(C)CO)cc(c1O)C(C)(C)C,1
39186,COc1ccc(cc1)[C@@H]2Sc3ccccc3N(CCN(C)C)C(=O)[C@@H]2OC(=O)C,1
3185,Cc1cccc(CCN2CCC(CC2)C(=O)c3ccc(NS(=O)(=O)C)cc3)n1,1
4917,CN1CCN(CCCN2c3ccccc3Sc4ccc(Cl)cc24)CC1,1
3448,Oc1noc2CNCCc12,1
4497,COCCOC(=O)C1=C(C)NC(=C(C1c2cccc(c2)[N+](=O)[O-])C(=O)OC(C)C)C,1
4843,NC(=O)CN1CCCC1=O,1
4039,CN(C)CCOC(=O)COc1ccc(Cl)cc1,1
3235398,COc1cccc(c1)c2ccc3ncnc(NCc4cccs4)c3c2,1
2153,CN1C(=O)N(C)c2[nH]cnc2C1=O,1
5319,Nc1ccc(cc1)S(=O)(=O)NC(=O)c2ccccc2,1
5166,COc1nccc(n1)c2c(ncn2C3CCC(O)CC3)c4ccc(F)cc4,1
3820,Brc1ccc2[nH]c3c(CC(=O)Nc4ccccc34)c2c1,1
4891,O=C(C1CCCCC1)N2CC3N(CCc4ccccc34)C(=O)C2,1
2733484,Oc1cc2CCCN(Cc2cc1O)C(=S)NCCc3ccc(Cl)cc3,1
2782,Clc1ccc(Cn2c(CN3CCCC3)nc4ccccc24)cc1,1
3053,OC(=O)CN(CCN(CC(=O)O)CC(=O)O)CCN(CC(=O)O)CC(=O)O,1
54841,CNCC[C@@H](Oc1ccccc1C)c2ccccc2,1
5585,CC1=CC(=O)Oc2c(C)c3oc(C)cc3cc12,1
9604992,Clc1cccc(C=NC=Nc2cccc(Cl)c2)c1,1
19529,CN(C(=O)C(Cl)Cl)c1ccc(OC(=O)c2occc2)cc1,1
933171,COc1cc(ccc1O)C(=O)O[C@H]2C[C@H]3CC[C@@H](C2)N3C,1
5504,C(C1=NCCN1)c2ccccc2,1
4760,O=C1C(C(=O)c2ccccc12)c3ccccc3,1
3276,OCCNC(=O)Cn1ccnc1[N+](=O)[O-],1
3372,OCCN1CCN(CCCN2c3ccccc3Sc4ccc(cc24)C(F)(F)F)CC1,1
2471,CCCCNc1cc(cc(c1Oc2ccccc2)S(=O)(=O)N)C(=O)O,1
5707,Cc1cccc(C)c1NC2=NCCCS2,1
4993,CCc1nc(N)nc(N)c1c2ccc(Cl)cc2,1
2764,OC(=O)C1=CN(C2CC2)c3cc(N4CCNCC4)c(F)cc3C1=O,1
108137,Cc1nc2c(OCc3ccccc3)cccn2c1CC#N,1
4632,COc1ccc(C(=O)c2ccccc2)c(O)c1,1
121930,Nc1ccc(CCN2CCN(CC2)c3cccc(c3)C(F)(F)F)cc1,1
3392731,CC(C)(Sc1ccc(CCN(CCCCC2CCCCC2)C(=O)NC3CCCCC3)cc1)C(=O)O,1
5328804,NC(=C(C#N)C#N)\C(=C\c1ccc(O)cc1)\C#N,1
104999,CCc1c(ncc2[nH]c3cc(OC)c(OC)cc3c12)C(=O)OC,1
4806,OC(=O)c1ccccc1C(=O)Nc2ccc(cc2)S(=O)(=O)Nc3nccs3,1
5175,CCCCCCCNS(=O)(=O)c1cccc2c(Cl)cccc12,1
4855,CCN1C=C(C(=O)O)C(=O)c2cnc(nc12)N3CCCC3,1
4781,CCCCC1C(=O)N(N(C1=O)c2ccccc2)c3ccccc3,1
6604909,CN(CC[C@@H](Oc1ccc(cc1)c2ccccc2)c3ccc(F)cc3)CC(=O)O,1
5566,CN1CCN(CCCN2c3ccccc3Sc4ccc(cc24)C(F)(F)F)CC1,1
1797,CCCCCCCCCOc1ccc2[nH]cc(CCN)c2c1,1
4594,COc1ccc2nc([nH]c2c1)S(=O)Cc3ncc(C)c(OC)c3C,1
133008,Cc1c(onc1C2CCN(CCc3ccccc3)CC2)c4ccc(Cl)cc4,1
4284525,COC(=O)Nc1ccc2[nH]cc(CCNC(=O)C)c2c1,1
3194,O=C1N([Se]c2ccccc12)c3ccccc3,1
134230,CC(=O)OCCNC(=O)c1cccnc1,1
54562,CCCN1CCC[C@@H]2Cc3n[nH]cc3C[C@@H]12,1
176158,Cn1cc(C2=C(C(=O)NC2=O)c3ccc(Cl)cc3Cl)c4ccccc14,1
3739601,CNc1nc(N)c(c(Nc2ccc(F)cc2)n1)[N+](=O)[O-],0
44487546,C[C@@H](CO)N1C[C@@H](C)[C@H](CN(C)C(=O)Nc2ccc(cc2)C(F)(F)F)OCCCC[C@@H](C)Oc3ccc(NS(=O)(=O)C)cc3C1=O,0
54638735,OC[C@@H]1O[C@H](CC(=O)O)C=C[C@@H]1NC(=O)c2ccccc2F,0
44505066,C[C@H](CO)N1C[C@@H](C)[C@@H](CN(C)Cc2ccc(C)cc2)OCc3cnnn3CCCC1=O,0
54649015,CO[C@H](CN(C)CC1CCOCC1)[C@@H](C)CN([C@@H](C)CO)C(=O)Nc2ccc(F)cc2,0
44506061,C[C@H](CO)N1C[C@@H](C)[C@H](CN(C)Cc2cccc(c2)C(F)(F)F)OCc3cnnn3CCCC1=O,0
54639031,OC[C@@H]1O[C@H](CCn2cc(Cc3ccccc3)nn2)CC[C@@H]1NC(=O)Nc4cccc(Cl)c4,0
44142137,Cn1nnnc1Sc2ncnc3scc(c4ccccc4Cl)c23,0
46907712,NC(=O)C1CCN(CC1)c2ncc(Br)cn2,0
54649503,CO[C@H]1CC[C@@H]2CCN(C)C(=O)[C@@H](C)[C@@H](CN(C)C(=O)c3cccc(C#N)c3OC[C@H]1O2)OC,0
4314,NCCCCCCNS(=O)(=O)c1cccc2ccccc12,1
54615666,C[C@H](CO)N1C[C@@H](C)[C@H](CN(C)Cc2ccc(Cl)c(Cl)c2)OCCCC[C@@H](C)Oc3ccc(NC(=O)NC4CCCCC4)cc3C1=O,0
54646149,CS(=O)(=O)Nc1ccc2O[C@@H]3[C@H](CO)O[C@@H](CC(=O)NC4CCCC4)C[C@@H]3c2c1,0
54638769,CC(C)NC(=O)NCC[C@@H]1CC[C@@H](NS(=O)(=O)c2ccc(Oc3ccccc3)cc2)[C@H](CO)O1,0
54650186,CCCNC(=O)N1[C@H](CO)[C@H]([C@H]1C#N)c2ccc(cc2)C3=CCCCC3,0
60189359,OC[C@H]1[C@@H]([C@@H]2CN(CC(=O)N12)C(=O)CN3CCOCC3)c4ccc(cc4)c5cccc(F)c5,0
10077147,Ic1cnc(Nc2cccc(NC(=O)N3CCCC3)c2)nc1NCCCNC(=O)c4cccs4,0
54646116,COC(=O)C[C@H]1C[C@@H]2[C@@H](Oc3ccc(N)cc23)[C@@H](CO)O1,0
54638575,COc1cccc(c1)S(=O)(=O)N[C@H]2CC[C@H](CCN)O[C@@H]2CO,0
54632106,CO[C@H]1CN(C)C(=O)c2cc(NC(=O)Cc3ccccc3)ccc2OC[C@H](C)N(C[C@@H]1C)C(=O)C,0
54660649,COCC(=O)N1[C@@H]2CN3C(=O)C(=CC=C3[C@H]1[C@H]([C@@H]2CO)C(=O)N4CCOCC4)\C=C\c5ccccc5,0
53338807,OP(=O)(O)c1ccc2c3ccccc3C(=O)c2c1,0
5702034,CC(=O)OCC(=O)[C@H]1CCC2C3CCC4=CC(=O)CC[C@]4(C)C3CC[C@]12C,0
54613918,C[C@H](CO)N1C[C@H](C)[C@@H](CN(C)Cc2ccc3OCOc3c2)Oc4ccc(NC(=O)CCCN(C)C)cc4CC1=O,0
54666589,CC(C)(O)C#Cc1ccc(cc1)[C@@H]2[C@@H](CO)N3CCCCN(C[C@@H]23)S(=O)(=O)C,0
54618614,C[C@@H](CO)N1C[C@@H](C)[C@H](CN(C)Cc2cncnc2)Oc3cc(ccc3S1(=O)=O)C#CC4CCCC4,0
54646265,OC[C@H]1O[C@@H](CC(=O)NCCN2CCCCC2)C[C@@H]3[C@H]1Oc4ccc(NC(=O)Nc5ccccc5)cc34,0
54618284,C\C=C\c1cnc2O[C@@H](CN(C)S(=O)(=O)c3cn(C)cn3)[C@@H](C)CN([C@@H](C)CO)C(=O)c2c1,0
60187471,COc1ccc2c3c([nH]c2c1)[C@@H](CO)N(CC34CN(Cc5cccnc5)C4)C(=O)CC6CC6,0
44617843,CC(C)NC(=O)Nc1ccc2O[C@@H](C)CCCCO[C@@H](CN(C)C(=O)NC(C)C)[C@H](C)CN([C@@H](C)CO)C(=O)c2c1,0
44489301,CC(C)NC(=O)Nc1ccc2O[C@@H](C)CCCCO[C@@H](CN(C)C)[C@@H](C)CN([C@@H](C)CO)C(=O)c2c1,0
56835597,COCCNC(=O)c1cc2CN([C@@H](CCO)c2c(n1)c3cccc(c3)c4cccc(F)c4)S(=O)C(C)(C)C,0
44485929,COc1ccc(CN(C)C[C@H]2Oc3ccc(NC(=O)Cc4ccccc4)cc3C(=O)N(C[C@@H]2C)[C@@H](C)CO)cc1,0
54654526,COC(=O)C[C@@H]1CC[C@H]2[C@H](COc3ccc(NC(=O)c4ccccc4F)cc3C(=O)N2C)O1,0
54615017,CC(C)NC(=O)Nc1ccc2O[C@@H](C)CCCCO[C@@H](CN(C)C(=O)NC3CCCCC3)[C@@H](C)CN([C@H](C)CO)C(=O)c2c1,0
60185133,O=C(Nc1ccc2OCOc2c1)N3C[C@@H]4N[C@H](C3)[C@@H]4c5ccc(cc5)c6ccc(cc6)C#N,0
5311191,CCCN1CCc2cccc3c2[C@@H]1Cc4ccc(O)c(O)c34,1
54638751,OC[C@@H]1O[C@H](CCNC(=O)CCN2CCCCC2)CC[C@@H]1NS(=O)(=O)c3cccc(Cl)c3,0
54664858,OC[C@@H]1Nc2ccc(cc2[C@@H]3[C@H]1CCN3S(=O)(=O)c4ccc(F)cc4)c5cccc(c5)C#N,0
5354,CCCCCCCCNC(C)C(O)c1ccc(SC(C)C)cc1,0
9838712,CC(C)Cc1ccc(cc1)[C@@H](C)C(=O)NS(=O)(=O)C,0
54666652,COCC#Cc1ccc(cc1)[C@H]2[C@@H](CO)N3CCCCN(Cc4ccncc4)C[C@H]23,0
44505740,C[C@@H](CO)N1C[C@@H](C)[C@@H](CN(C)S(=O)(=O)C)OCc2cn(CCCC1=O)nn2,0
54660937,CCNC(=O)[C@@H]1[C@@H](CO)[C@@H]2CN3C(=O)C(=CC=C3[C@@H]2N1C(=O)CC4CC4)C=CC,0
3000022,CCCn1c(NC(=O)c2cccc(c2)S(=O)(=O)N3CCCC3)nc4ccccc14,0
54660820,CN(C)C(=O)[C@H]1[C@H](CO)[C@H]2CN3C(=CC=C(C3=O)c4cncnc4)[C@@H]1N2C(=O)NC5CCCC5,0
54618137,CC(C)C#Cc1ccc2c(O[C@@H](CN(C)S(=O)(=O)c3cn(C)cn3)[C@H](C)CN([C@H](C)CO)S2(=O)=O)c1,0
60191437,COc1cccc(NC(=O)N2C[C@@H]3[C@@H]([C@H](CO)N3C(=O)C2)c4ccc(cc4)C#CCC5CCCC5)c1,0
5702266,CC(=O)OCC(=O)[C@@]12OC3(CCCC3)O[C@@H]1CC4C5CCC6=CC(=O)C=C[C@]6(C)[C@@]5(F)[C@@H](O)C[C@]24C,0
4622,CCCOc1ccc2nc(NC(=O)OC)[nH]c2c1,1
54615082,C[C@H](CO)N1C[C@H](C)[C@@H](CN(C)CC2CC2)OCCCC[C@H](C)Oc3ccc(NS(=O)(=O)c4ccc(F)cc4)cc3C1=O,0
44490236,C[C@H](CO)N1C[C@H](C)[C@@H](CN(C)C(=O)CCCN(C)C)OCCCC[C@@H](C)Oc2ccc(NS(=O)(=O)c3cccs3)cc2C1=O,0
44202057,COc1ccc(cc1)S(=O)(=O)N(C)C[C@H]2Oc3c(NC(=O)NC4CCCCC4)cccc3C(=O)N(C[C@@H]2C)[C@H](C)CO,0
11949652,Cc1cc(N2CCN(CC2)[C@@H]3CN[C@@H](C3)C(=O)N4CCSC4)n(n1)c5ccccc5,0
54618970,C[C@@H](CO)N1C[C@H](C)[C@H](CN(C)Cc2ccncc2)Oc3cc(ccc3S1(=O)=O)C#CCN(C)C,0
5474706,COc1ccc2[nH]c3C(=NCCc3c2c1)C,1
54638517,CN(C)CCCNC(=O)C[C@H]1CC[C@H](NS(=O)(=O)c2ccc(C)cc2)[C@H](CO)O1,0
3352,Nc1c(c(nn1c2c(Cl)cc(cc2Cl)C(F)(F)F)C#N)S(=O)C(F)(F)F,0
54638630,CC(C)c1cn(CC[C@@H]2CC[C@@H](NC(=O)C3CC3)[C@@H](CO)O2)nn1,0
54621029,C[C@H](CO)N1C[C@@H](C)[C@@H](CN(C)Cc2cccc(F)c2)Oc3ncc(cc3C1=O)C4=CCCCC4,0
60184876,Clc1ccc(NC(=O)N2[C@@H]3CNC[C@H]2[C@@H]3c4ccc(cc4)c5ccc(cc5)C#N)cc1,0
54637681,C[C@@H](CO)N1C[C@@H](C)[C@@H](CN(C)C(=O)[C@@H]2CCCN2C)OCc3ccccc3c4c(C1=O)n(C)c5ccccc45,0
60190031,COc1ccc2c3c([C@H](CO)N(Cc4ccccc4Cl)CC35CCN(CC5)C(=O)CC6CC6)n(C)c2c1,0
74812,COc1cc(c(O)cc1C(C)(C)C)C(C)(C)C,0
60189464,COc1cccc(NC(=O)N2C[C@H]3[C@H]([C@H](CO)N3C(=O)C2)c4ccc(cc4)C5=CCCCC5)c1,0
2741632,CC(C)(C)NC(=O)N1CCN(CC1)c2ncccc2C(F)(F)F,0
44496035,CC(C)NC(=O)N(C)C[C@@H]1OCCCC[C@H](C)Oc2ccc(NC(=O)Nc3ccccc3)cc2C(=O)N(C[C@H]1C)[C@@H](C)CO,0
702558,OC(=O)[C@H](Cc1c[nH]c2ccccc12)N3C(=O)c4ccccc4C3=O,1
54657600,COc1ccccc1NC(=O)N2C[C@H](O)COC[C@H]3O[C@H](CC(=O)N4CCC(Cc5ccccc5)CC4)CC[C@H]23,0
54654252,COc1cccc(CNC(=O)C[C@H]2CC[C@H]3[C@@H](COc4ccc(NS(=O)(=O)c5ccccc5F)cc4C(=O)N3C)O2)c1,0
54649517,CO[C@@H]1CC[C@H]2CCN(C)C(=O)[C@H](C)[C@H](CN(C)C(=O)c3cc(ccc3OC[C@@H]1O2)C#N)OC,0
54613934,CC(C)NC(=O)Nc1ccc2O[C@H](CN(C)C)[C@@H](C)CN([C@H](C)CO)C(=O)Cc2c1,0
3765615,CC1(C)CC(=O)C(C2C3=C(CC(C)(C)CC3=O)Oc4ccccc24)C(=O)C1,0
54631433,CO[C@@H]1CN(C)C(=O)c2cc(NC(=O)C3CCOCC3)ccc2OC[C@@H](C)N(C[C@H]1C)S(=O)(=O)c4ccc(Cl)cc4,0
4592,Cn1cnc2c(NCc3ccccc3)nc(NCCO)nc12,1
2225472,[O-][N+](=O)c1ccc2c(Cl)c(sc2c1)C(=O)NCCCN3CCOCC3,0
1183113,Brc1ccccc1OCC(=O)NCCc2nc3ccccc3[nH]2,0
108137,Cc1nc2c(OCc3ccccc3)cccn2c1CC#N,1
54632201,COCC(=O)N1C[C@@H](C)[C@@H](CN(C)C(=O)c2cc(NC(=O)c3ccc(cc3)c4ccccc4)ccc2OC[C@H]1C)OC,0
54646543,CN1CCN(CC1)C(=O)C[C@H]2C[C@H]3[C@H](Oc4ccc(NC(=O)Cc5ccncc5)cc34)[C@@H](CO)O2,0
60189804,CC(=O)N1[C@H](CO)[C@@H](c2ccc(cc2)c3ccc(cc3)C#N)C14CN(C4)C(=O)C5CC5,0
54645846,OC[C@H]1O[C@@H](CC(=O)NCc2cccnc2)C[C@H]3[C@@H]1Oc4ccc(NS(=O)(=O)c5ccc(F)cc5)cc34,0
54651465,CCN(C[C@H]1[C@@H]([C@@H](CO)N1C(=O)C2CCC2)c3ccc(\C=C\C)cc3)C(=O)CC,0
54649252,CO[C@@H](CN(C)C(=O)c1cnccn1)[C@@H](C)CN([C@H](C)CO)S(=O)(=O)c2ccc(C)cc2,0
54660952,CC(=O)N1[C@@H]([C@@H](CO)[C@@H]2CN3C(=CC=C(C3=O)c4cncnc4)[C@H]12)C(=O)NCc5ccccc5Cl,0
51358831,C[C@@H](CO)N1C[C@@H](C)[C@H](CN(C)C(=O)Nc2ccc(cc2)N3CCN(C)CC3)OCc4cn(CCCC1=O)nn4,0
158781,CCCc1nc(c(C(=O)O)n1Cc2ccc(cc2)c3ccccc3c4nn[nH]n4)C(C)(C)O,0
54645984,OC[C@H]1O[C@H](CC(=O)NCc2ccccc2)C[C@@H]3[C@H]1Oc4ccc(NC(=O)Nc5ccccc5)cc34,0
44505802,C[C@@H](CO)N1C[C@@H](C)[C@@H](CN(C)C(=O)NC2CCCCC2)OCc3cn(CCCC1=O)nn3,0
54646178,COc1ccccc1CNC(=O)C[C@H]2C[C@H]3[C@H](Oc4ccc(NC(=O)C5CCOCC5)cc34)[C@@H](CO)O2,0
16759997,CC(C)(C)NC[C@H](O)COc1cccc2[nH]c(cc12)C#N,0
54654589,COc1cccc(c1)C(=O)Nc2ccc3OC[C@@H]4O[C@H](CC(=O)NCCCN5CCOCC5)CC[C@@H]4N(C)C(=O)c3c2,0
54618754,CCCNC(=O)N(C)C[C@H]1Oc2cc(ccc2S(=O)(=O)N(C[C@@H]1C)[C@H](C)CO)C#CC(C)(C)O,0
54651274,CC(C)N(C[C@@H]1N[C@@H](CO)[C@@H]1c2ccccc2)S(=O)(=O)c3ccccc3,0
54661376,CCN1[C@H]([C@H](CO)[C@H]2CN3C(=CC=C(C=CC)C3=O)[C@@H]12)C(=O)NC4Cc5ccccc5C4,0
54618585,C[C@@H](O)C#Cc1cnc2O[C@@H](CN(C)CC3CCOCC3)[C@H](C)CN([C@@H](C)CO)C(=O)c2c1,0
10660,CN(C)CCOC(c1ccccc1)c2ccccc2.CN3C(=O)N(C)c4nc(Cl)[nH]c4C3=O,0
20507134,CN1C(C(=O)Nc2cc(C)on2)C(=O)c3ccccc3S1(=O)=O,0
54631524,CO[C@@H]1CN(C)C(=O)c2cc(NC(=O)Nc3ccccc3Cl)ccc2OC[C@@H](C)N(C[C@H]1C)S(=O)(=O)CC(F)(F)F,0
54631697,CO[C@@H]1CN(C)C(=O)c2ccc(NS(=O)(=O)CC(F)(F)F)cc2OC[C@@H](C)NC[C@@H]1C,0
44496834,C[C@H](CO)N1C[C@@H](C)[C@H](CN(C)Cc2ccc(cc2)C(F)(F)F)OCc3cnnn3CCCC1=O,0
11620908,CC(C)(O)CC(=O)NCCn1ccc2ncnc(Nc3ccc(Oc4cccc(c4)C(F)(F)F)c(Cl)c3)c12,0
54638544,OC[C@@H]1O[C@@H](CC(=O)NCc2cc(F)cc(F)c2)C=C[C@H]1NC(=O)c3ccccn3,0
54651249,COCC(=O)NC[C@@H]1[C@@H]([C@H](CO)N1C(=O)c2ccccc2)c3ccccc3,0
54666584,CC(C)(O)C#Cc1ccc(cc1)[C@H]2[C@@H](CO)N3CCCCN(C[C@@H]23)S(=O)(=O)C,0
54646540,CN(C)c1ccc2O[C@@H]3[C@H](CO)O[C@H](CC(=O)NCc4ccc5OCOc5c4)C[C@@H]3c2c1,0
54647490,CN(C)CC(=O)Nc1ccc2O[C@@H]3[C@H](CO)O[C@H](CC(=O)NCc4ccc5OCOc5c4)C[C@@H]3c2c1,0
54618165,CC(C)CC#Cc1ccc2c(O[C@@H](CN(C)C(=O)c3cnccn3)[C@@H](C)CN([C@@H](C)CO)S2(=O)=O)c1,0
54618321,COc1ccc(cc1)c2cnc3O[C@H](CN(C)C(=O)C4CCCCC4)[C@H](C)CN([C@@H](C)CO)C(=O)c3c2,0
133008,Cc1c(onc1C2CCN(CCc3ccccc3)CC2)c4ccc(Cl)cc4,1
60184987,C(C1CC1)N2[C@@H]3CNC[C@H]2[C@@H]3c4ccc(cc4)c5cccnc5,0
44485765,C[C@@H](CO)N1C[C@@H](C)[C@H](CN(C)Cc2ccc3cccnc3c2)OCc4cn(CCCC1=O)nn4,0
54631304,CO[C@H]1CN(C)C(=O)c2cc(NC(=O)C)ccc2OC[C@H](C)N(C[C@@H]1C)S(=O)(=O)c3cn(C)cn3,0
44502578,C[C@H](CO)N1C[C@@H](C)[C@@H](CN(C)C(=O)Nc2ccc(F)cc2)Oc3ccc(cc3CC1=O)N(C)C,0
60190041,COc1ccc2c3c([nH]c2c1)[C@@H](CO)N(CC34CN(C4)C(=O)c5ccccc5)C(=O)CC6CC6,0
56835567,CN(C)CC#Cc1cccc(c1)c2nc(cc3CN([C@H](CCO)c23)S(=O)C(C)(C)C)C(=O)N4CCN(C)CC4,0
199472,Oc1cc(O)c2C[C@@H](OC(=O)c3cc(O)c(O)c(O)c3)[C@@H](Oc2c1)c4cc(O)c(O)c(O)c4,0
54651450,COCC(=O)N(C[C@H]1[C@@H]([C@@H](CO)N1C(=O)C)c2ccc(\C=C\C)cc2)C(C)C,0
54660885,CCCN1[C@H]2CN3C(=CC=C(C3=O)c4cccc(c4)C(=O)N(C)C)[C@@H]1[C@@H]([C@H]2CO)C(=O)OC,0
54658844,CNC(=O)C[C@H]1CC[C@@H]2[C@H](COC[C@@H](O)CN2S(=O)(=O)c3ccccc3Cl)O1,0
54649001,CO[C@H](CN(C)C(=O)c1ccccc1F)[C@@H](C)CN([C@@H](C)CO)S(=O)(=O)c2ccc(F)cc2,0
44485114,CNC[C@H]1OCCCC[C@H](C)Oc2ccc(NS(=O)(=O)c3cccs3)cc2C(=O)N(C[C@@H]1C)[C@@H](C)CO,0
54638696,Cc1onc(C)c1NC(=O)NCC[C@H]2CC[C@@H](NC(=O)c3ccc(F)cc3)[C@@H](CO)O2,0
10253143,FC(F)(F)c1nc(Nc2ccc(Cl)cc2Cl)ncc1C(=O)NCC3CCOCC3,0
5702041,C[C@H]1O[C@H](C[C@H](O)[C@@H]1O)O[C@H]2[C@@H](O)C[C@H](O[C@H]3[C@@H](O)C[C@H](O[C@H]4CC[C@@]5(C)[C@H](CCC6C5CC[C@]7(C)[C@H](CC[C@]67O)C8=CC(=O)OC8)C4)O[C@@H]3C)O[C@@H]2C,0
7141881,OC(=O)c1cc2occc2[nH]1,0
54631702,CO[C@@H]1CN(C)C(=O)c2ccc(NS(=O)(=O)c3cccc(OC)c3)cc2OC[C@H](C)N(Cc4ccccc4F)C[C@@H]1C,0
54646629,OC[C@H]1O[C@@H](CC(=O)NCC(F)(F)F)C[C@H]2[C@@H]1Oc3ccc(NC(=O)c4cccnc4)cc23,0
23612550,COc1ccc(cc1)C2(CC2)C(=O)N3CCC(CC3)N4N=C(OC4=O)c5ccccc5,0
54638366,OC[C@@H]1O[C@H](CC(=O)NCCN2CCCCC2)C=C[C@H]1NC(=O)c3cccnc3,0
54649005,CO[C@@H](CN(C)Cc1cc(F)ccc1F)[C@H](C)CN([C@@H](C)CO)C(=O)Nc2ccc(cc2)C(F)(F)F,0
60190059,C\C=C\c1ccc(cc1)[C@H]2[C@@H](CO)N(CC3CC3)C24CN(C4)C(=O)c5ccc6OCOc6c5,0
54649760,CO[C@@H]1CC[C@@H]2CCN(C)C(=O)CCCN(C)C(=O)c3cccc(C#N)c3OC[C@@H]1O2,0
54657514,O[C@@H]1COC[C@H]2O[C@H](CC(=O)NCC3CCCCC3)CC[C@@H]2N(CCC(F)(F)F)C1,0
5310993,Cc1cnc(c[n+]1[O-])C(=O)O,0
54626033,C[C@@H](CO)N1C[C@@H](C)[C@@H](CN(C)Cc2ccc(F)cc2)Oc3ncc(cc3C1=O)c4ccccc4F,0
54618547,C[C@H](O)C#Cc1cnc2O[C@H](CN(C)CC3CCOCC3)[C@@H](C)CN([C@@H](C)CO)C(=O)c2c1,0
54665025,OC[C@H]1Nc2ccc(cc2[C@@H]3[C@H]1CCN3C(=O)c4ccccc4F)c5cccc(c5)C#N,0
44483163,O=C(Nc1cccc2cccnc12)c3ccc(cc3)N4C(=O)[C@@H]5[C@H]6C[C@H](C=C6)[C@@H]5C4=O,0
54631297,CO[C@H]1CN(C)C(=O)c2ccc(NC(=O)Nc3ccccc3Cl)cc2OC[C@H](C)NC[C@H]1C,0
54625139,CCC(=O)N(C)C[C@H]1Oc2cc(ccc2S(=O)(=O)N(C[C@@H]1C)[C@@H](C)CO)C3=CCCC3,0
54646232,C[C@H](NC(=O)C[C@@H]1C[C@@H]2[C@@H](Oc3ccc(NC(=O)Nc4ccc(cc4)C(F)(F)F)cc23)[C@H](CO)O1)c5ccccc5,0
54650185,CCCNC(=O)N1[C@@H](CO)[C@@H]([C@H]1C#N)c2ccc(cc2)C3=CCCCC3,0
5065494,CC1CCCCC1NC(=O)c2cnn3c(cc(nc23)c4ccccc4)C(F)(F)F,0
44490402,CC(C)NC(=O)N(C)C[C@@H]1OCCCC[C@@H](C)Oc2ccc(cc2C(=O)N(C[C@H]1C)[C@@H](C)CO)N(C)C,0
60190965,OC[C@@H]1[C@@H]([C@@H]2CN(CC(=O)N12)C(=O)c3cnccn3)c4ccc(cc4)c5cccc(F)c5,0
54637819,C[C@H](CO)N1C[C@H](C)[C@H](CN(C)C(=O)Nc2c(C)onc2C)OCc3ccccc3c4c(C1=O)n(C)c5ccccc45,0
9932888,C[C@]12OC(C[C@]1(O)CO)n3c4ccccc4c5c6C(=O)NCc6c7c8ccccc8n2c7c35,0
1775,O=C1NC(=O)C(N1)(c2ccccc2)c3ccccc3,1
44491382,COc1ccc(cc1)S(=O)(=O)N(C)C[C@H]2Oc3c(NC(=O)C4CCOCC4)cccc3C(=O)N(C[C@H]2C)[C@H](C)CO,0
2799,CC(C)(C)CC(C)(C)c1ccc(O)c(Cc2ccc(Cl)cc2Cl)c1,0
54657563,COc1ccc(CN2C[C@@H](O)COC[C@@H]3O[C@@H](CC(=O)NCCN4CCCC4)CC[C@@H]23)cc1,0
44486395,C[C@@H](CO)N1C[C@@H](C)[C@@H](CN(C)C(=O)Nc2cccc3ccccc23)OCCCC[C@@H](C)Oc4ccc(NC(=O)c5ccncc5)cc4C1=O,0
54664969,OC[C@H]1Nc2ccc(cc2[C@@H]3[C@H]1CCN3C(=O)C4CCCCC4)c5ccc(cc5)C#N,0
54646469,C[C@H](NC(=O)C[C@H]1C[C@H]2[C@H](Oc3ccc(NC(=O)C4CCOCC4)cc23)[C@@H](CO)O1)c5ccccc5,0
24747181,CCCOc1ccc(Cl)cc1Nc2nc(NCCO)nc(n2)N3CCCC3,0
54631795,CCC(=O)N1C[C@H](C)[C@@H](CN(C)C(=O)c2ccc(NC(=O)Nc3ccc(Cl)cc3)cc2OC[C@@H]1C)OC,0
854343,Cc1cccc(c1)c2nnc(SCC(=O)O)n2CC=C,0
3081,CC1(C)OC(=O)NC1=O,1
54615002,COc1ccc(cc1)S(=O)(=O)Nc2ccc3O[C@@H](C)CCCCO[C@H](CN(C)C)[C@H](C)CN([C@@H](C)CO)C(=O)c3c2,0
54654536,CN1[C@@H]2CC[C@H](CC(=O)NCC3CCCCC3)O[C@@H]2COc4ccc(NC(=O)c5cnccn5)cc4C1=O,0
3121,CCCC(CCC)C(=O)O,0
54645991,OC[C@H]1O[C@@H](CC(=O)N2CCc3ccccc3C2)C[C@@H]4[C@H]1Oc5ccc(NS(=O)(=O)c6ccc(F)cc6)cc45,0
54615076,COc1ccc(NC(=O)Nc2ccc3O[C@H](C)CCCCO[C@H](CN(C)CC4CC4)[C@H](C)CN([C@@H](C)CO)C(=O)c3c2)cc1,0
54638346,OC[C@H]1O[C@@H](CC(=O)NCCCN2CCOCC2)CC[C@H]1NC(=O)Nc3ccc4OCOc4c3,0
54637692,C[C@@H](CO)N1C[C@@H](C)[C@H](CN(C)S(=O)(=O)c2c(C)onc2C)OCc3ccccc3c4c(C1=O)n(C)c5ccccc45,0
54646315,COc1cccc(c1)S(=O)(=O)Nc2ccc3O[C@@H]4[C@H](CO)O[C@H](CC(=O)NCc5ccccc5F)C[C@@H]4c3c2,0
167715,CCCN1CCc2cccc3c2[C@H]1Cc4ccc(O)c(O)c34,0
54649266,CO[C@H](CN(C)S(=O)(=O)c1ccc(C)cc1)[C@@H](C)CN([C@H](C)CO)C(=O)Nc2ccccc2F,0
442872,O=C1O[C@@]23C[C@@H](C=CC2=C1)N4CCCC[C@H]34,0
44484331,C[C@@H](CO)N1C[C@@H](C)[C@H](CN(C)C)Oc2ccc(NS(=O)(=O)c3ccccc3)cc2C1=O,0
3038525,Fc1ccc(SC2=NN3C=NC(=O)C(=C3C=C2)c4c(Cl)cccc4Cl)c(F)c1,0
24869094,COc1ccc(cc1)[Si](C)(C)[C@H]2[C@H](CCn3cc(CCO)nn3)O[C@]4([C@@H]2C)C(=O)N(C)c5c(Br)cc(C)cc45,0
54666484,C\C=C\c1ccc(cc1)[C@H]2[C@@H](CO)N3CCCCN(C[C@H]23)C(=O)Cc4cccnc4,0
54648973,CO[C@H](CN(C)Cc1cc(F)ccc1F)[C@@H](C)CN([C@H](C)CO)S(=O)(=O)c2ccc(C)cc2,0
54661191,CCC(=O)N1[C@@H]([C@@H](CO)[C@@H]2CN3C(=CC=C(C3=O)c4ccccc4OC)[C@H]12)C(=O)NCCCN(C)C,0
44143772,COc1ccc(cc1OC)[C@H]2CC(=O)C=C(C2)c3cccc4c5ccccc5sc34,0
54666674,CN(C)CC(=O)N1CCCCN2[C@H](CO)[C@@H]([C@H]2C1)c3ccc(\C=C\c4ccccc4)cc3,0
49843205,C[C@@H](CO)N1C[C@@H](C)[C@H](CN(C)S(=O)(=O)c2ccccc2)OCCCC[C@H](C)Oc3ccc(NC(=O)Nc4ccc(cc4)C(F)(F)F)cc3C1=O,0
54660874,CC=CC1=CC=C2[C@@H]3[C@H](CN2C1=O)[C@@H](CO)[C@@H](N3S(=O)(=O)C)C(=O)NCc4ccccc4Cl,0
54651302,CC(=O)NC[C@H]1[C@@H]([C@@H](CO)N1Cc2cccnc2)c3ccc(cc3)C4=CCCC4,0
54657910,O[C@@H]1CN[C@H]2CC[C@@H](CC(=O)Nc3nccs3)O[C@@H]2COC1,0
54654000,CCS(=O)(=O)Nc1ccc2OC[C@@H]3O[C@H](CC(=O)N4CCN(C)CC4)CC[C@@H]3N(C)C(=O)c2c1,0
54631220,C[C@H](CO)N1C[C@H](C)[C@@H](CN(C)C(=O)Nc2ccc(cc2)C(F)(F)F)Oc3cc(ccc3S1(=O)=O)c4ccc(C)cc4,0
54645882,OC[C@H]1O[C@@H](CC(=O)NCc2ccccc2F)C[C@H]3[C@@H]1Oc4ccc(NC(=O)NC5CCCC5)cc34,0
60189669,COc1ccc2c3c([C@@H](CO)N(CC34CN(C4)C(=O)NC(C)C)C(=O)CC5CC5)n(C)c2c1,0
44505073,CNC[C@@H]1OCc2cnnn2CCCC(=O)N(C[C@@H]1C)[C@@H](C)CO,0
54631746,CCC(=O)Nc1ccc2OC[C@H](C)N(Cc3ccncc3)C[C@@H](C)[C@H](CN(C)C(=O)c2c1)OC,0
60189616,OC[C@@H]1[C@H]([C@H]2CN(CC(=O)N12)C(=O)CC3CC3)c4ccc(cc4)C#Cc5cccc(F)c5,0
60190976,COCC(=O)N1C[C@H]2[C@@H]([C@H](CO)N2C(=O)C1)c3ccc(cc3)c4ccccc4F,0
54637800,COc1ccccc1S(=O)(=O)N(C)C[C@H]2OCc3ccccc3c4ccccc4C(=O)N(C[C@@H]2C)[C@H](C)CO,0
44143092,O=C(CNC(=O)C1CCCCC1)OC(C(=O)c2ccccc2)c3ccccc3,0
44505899,COc1cccc(CN(C)C[C@@H]2OCc3cnnn3CCCC(=O)N(C[C@@H]2C)[C@H](C)CO)c1,0
44498703,CNC[C@H]1Oc2c(NC(=O)NC(C)C)cccc2C(=O)N(C[C@@H]1C)[C@H](C)CO,0
54637894,C[C@H](CO)N1C[C@H](C)[C@H](CN(C)S(=O)(=O)c2ccccc2F)OCc3ccccc3c4ccccc4C1=O,0
44500224,C[C@H](CO)N1C[C@H](C)[C@H](CN(C)C(=O)CCCN(C)C)OCCCC[C@@H](C)Oc2ccc(NS(=O)(=O)c3ccc(F)cc3)cc2C1=O,0
60185283,O=C(C1CC1)N2C[C@@H]3N[C@H](C2)[C@H]3c4ccc(cc4)c5cncnc5,0
54638357,Cn1cnc(c1)S(=O)(=O)N[C@H]2C=C[C@H](CC(=O)N3CCN(CC3)c4ccccc4)O[C@@H]2CO,0
54618824,C[C@H](CO)N1C[C@H](C)[C@@H](CN(C)CC2CCCC2)Oc3ncc(cc3C1=O)C#Cc4ccccn4,0
52912189,COc1cc2c3N([C@H](C)c4ccccn4)C(=O)Nc3cnc2cc1c5c(C)onc5C,0
44497655,COc1ccc(cc1)S(=O)(=O)Nc2ccc3O[C@H](C)CCCCO[C@@H](CN(C)C(=O)CCCN(C)C)[C@@H](C)CN([C@H](C)CO)C(=O)c3c2,0
2950,Oc1cccc2C(=O)c3cccc(O)c3C(=O)c12,0
54631677,CO[C@@H]1CN(C)C(=O)c2cc(NC(=O)c3cc(C)on3)ccc2OC[C@H](C)N(CC4CC4)C[C@H]1C,0
54657667,O[C@H]1COC[C@@H]2O[C@H](CC(=O)N3CCCCC3)CC[C@H]2N(C1)C(=O)c4ccc(F)cc4,0
54639117,Cc1ccc(cc1)S(=O)(=O)N[C@@H]2CC[C@H](CCNC(=O)c3ccccc3F)O[C@@H]2CO,0
44617311,C[C@H](CO)N1C[C@@H](C)[C@H](CN(C)C(=O)c2ccccc2)OCCCC[C@H](C)Oc3ccc(NC(=O)c4ccccc4)cc3C1=O,0
44617484,C[C@H](CO)N1C[C@H](C)[C@@H](CN(C)Cc2ccc(cc2)C(=O)Nc3ccccc3N)Oc4ccc(cc4CC1=O)N(C)C,0
54657502,O[C@@H]1COC[C@H]2O[C@@H](CC(=O)NC3CCCC3)CC[C@@H]2N(C1)C(=O)c4ccc5OCOc5c4,0
3085107,COc1cccc2C(=O)c3c(O)c4C[C@](O)(C[C@H](OC5CC(N)C(O)C(C)O5)c4c(O)c3C(=O)c12)C(=O)C,0
54664833,CN1[C@H](CO)[C@@H]2CCN([C@@H]2c3cc(ccc13)c4ccc(cc4)C#N)S(=O)(=O)c5ccc(C)cc5,0
44143703,NS(=O)(=O)c1ccc(cc1)N2N=C(CC2c3cccc(Br)c3)c4ccccc4,0
54638581,OC[C@H]1O[C@@H](CCNC(=O)c2cc(Cl)cc(Cl)c2)CC[C@H]1NC(=O)C3CCOCC3,0
60185154,COc1ccccc1CN2C[C@@H]3N[C@H](C2)[C@@H]3c4ccc(cc4)c5cccc(c5)C#N,0
44491737,C[C@H](CO)N1C[C@H](C)[C@H](CN(C)Cc2ccc3OCOc3c2)Oc4ccc(NS(=O)(=O)C)cc4C1=O,0
6449767,CCCCC\C=C/C\C=C/C\C=C/C\C=C/CCCC(=O)NCc1ccc(O)c(OC)c1,0
60190065,OC[C@H]1[C@@H](c2ccccc2)C3(CN(C3)C(=O)CC4CC4)N1S(=O)(=O)Cc5ccccc5,0
54666448,COCC#Cc1ccc(cc1)[C@@H]2[C@@H](CO)N3CCCCN(C[C@H]23)C(=O)NC4CCCC4,0
54638013,C[C@H](CO)N1C[C@H](C)[C@H](CN(C)S(=O)(=O)c2ccccc2C)OCc3ccccc3c4ccccc4C1=O,0
54618752,CC(C)C#Cc1ccc2c(O[C@H](CN(C)C(=O)c3ccncc3)[C@H](C)CN([C@H](C)CO)S2(=O)=O)c1,0
149096,C[C@H]1COc2c(N3CCN(C)CC3)c(F)cc4C(=O)C(=CN1c24)C(=O)O,0
54638355,Cn1cnc(c1)S(=O)(=O)N[C@H]2C=C[C@@H](CC(=O)N3CCN(CC3)c4ccccc4)O[C@@H]2CO,0
2780,COc1cc(N)c(Cl)cc1C(=O)NC2CCN(Cc3ccccc3)CC2,1
54618914,C[C@@H](CO)N1C[C@H](C)[C@@H](CN(C)C(=O)C)Oc2cc(ccc2S1(=O)=O)C#Cc3ccc(F)cc3,0
54630688,C[C@@H](CO)N1C[C@@H](C)[C@@H](CN(C)Cc2ccccn2)Oc3cc(ccc3S1(=O)=O)C4=CCCCC4,0
54631534,CCCNC(=O)Nc1ccc2OC[C@@H](C)N(C[C@H](C)[C@H](CN(C)C(=O)c2c1)OC)C(=O)c3ccccc3F,0
54646570,OC[C@@H]1O[C@H](CC(=O)NCc2ccccn2)C[C@H]3[C@@H]1Oc4ccc(NC(=O)Cc5ccncc5)cc34,0
60185241,COc1ccc2c3c([nH]c2c1)[C@@H](CO)N(CC34CN(C4)S(=O)(=O)c5ccc(C)cc5)C(=O)Nc6ccc(F)cc6,0
54632055,CO[C@H]1CN(C)C(=O)c2cc(NC(=O)C3CC3)ccc2OC[C@@H](C)N(C[C@H]1C)C(=O)NC(C)C,0
54615021,CC(C)NC(=O)N(C)C[C@H]1OCCCC[C@H](C)Oc2ccc(NC(=O)C3CCCCC3)cc2C(=O)N(C[C@@H]1C)[C@H](C)CO,0
54649384,COc1ccc(CNC(=O)c2cc3CN([C@H](CCO)c3c(n2)c4cccc(c4)c5cccc(c5)C#N)[S@](=O)C(C)(C)C)cc1,0
60194076,COc1cc(\C=C\C(=O)N2CCCC=CC2=O)cc(OC)c1OC,0
54620273,CCCN(C)C[C@@H]1Oc2cc(ccc2S(=O)(=O)N(C[C@@H]1C)[C@@H](C)CO)C#Cc3ccncc3,0
54649881,OCC[C@H]1N(Cc2cc(nc(c3cccc(c3)c4ccc(F)cc4)c12)C(=O)N5CCOCC5)C(=O)c6ccc7OCOc7c6,0
54646083,OC[C@@H]1O[C@H](CC(=O)NCc2ccccn2)C[C@@H]3[C@H]1Oc4ccc(NC(=O)C5CCC5)cc34,0
54631791,CCCNC(=O)N1C[C@@H](C)[C@H](CN(C)C(=O)c2ccc(NC(=O)C3CCC3)cc2OC[C@H]1C)OC,0
54651398,CCC(=O)N(C)C[C@@H]1[C@H]([C@H](CO)N1Cc2cccnc2)c3ccccc3,0
44505550,COc1ccc(OC(=O)N(C)C[C@H]2OCc3cn(CCCC(=O)N(C[C@H]2C)[C@@H](C)CO)nn3)cc1,0
54649706,CO[C@@H]1CC[C@H]2CCN(C)C(=O)[C@@H](C)N(C)C(=O)c3cccc(C#N)c3OC[C@@H]1O2,0
54649083,CO[C@@H](CN(C)Cc1nccs1)[C@@H](C)CN([C@H](C)CO)S(=O)(=O)c2ccc(C)cc2,0
44485563,C[C@@H](CO)N1C[C@@H](C)[C@@H](CN(C)C)Oc2ccc(NS(=O)(=O)c3ccccc3)cc2C1=O,0
54596116,COCCNC(=O)[C@H]1[C@H](CO)[C@H]2CN3C(=O)C=CC=C3[C@@H]1N2S(=O)(=O)c4ccccc4C,0
336423,Cc1ccccc1CN2C3=C(CN(Cc4ccccc4)CC3)C(=O)N5CCN=C25,1
3825,CC(C(=O)O)c1cccc(c1)C(=O)c2ccccc2,0
54649358,CC(C)(C)[S@@](=O)N1Cc2cc(nc(c3cccc(c3)c4ccccc4F)c2[C@H]1CCO)C(=O)NC5CCC5,0
3232217,Cc1ccccc1NC(=O)NCC2CCN(CC2)c3ccc(cc3)S(=O)(=O)N4CCOCC4,0
54615967,C[C@@H](CO)N1C[C@@H](C)[C@H](CN(C)Cc2ccncc2)OCCCC[C@@H](C)Oc3ccc(NS(=O)(=O)c4cccs4)cc3C1=O,0
6604926,Cc1oc2cc(NC(=O)Nc3ccnc4cccnc34)ccc2n1,1
54661037,OC[C@H]1[C@@H]2CN3C(=O)C(=CC=C3[C@@H]2N(Cc4cncnc4)[C@@H]1C(=O)NC5CCC5)\C=C\c6ccccc6,0
54618183,C[C@H](CO)N1C[C@H](C)[C@H](CN(C)C(=O)C2CCOCC2)Oc3ncc(cc3C1=O)C#CC4(O)CCCC4,0
6729038,COc1ccc(cc1)C#Cc2ccc3NC(=O)[C@@]4([C@H]([C@H]5N([C@@H]([C@@H](OC5=O)c6ccccc6)c7ccccc7)[C@H]4c8ccc(OCCO)cc8)C(=O)N9CCc%10cc(OC)c(OC)cc%10C9)c3c2,0
54651418,CC(=O)N(CC1CCC1)C[C@H]2N[C@H](CO)[C@@H]2c3ccc(cc3)C4=CCCC4,0
44617931,C[C@@H](CO)N1C[C@@H](C)[C@H](CN(C)Cc2ccc(Cl)c(Cl)c2)OCCCC[C@@H](C)Oc3ccc(NC(=O)Cc4ccccc4)cc3C1=O,0
60190001,COc1ccc2c3c([C@@H](CO)N(CC34CCN(CC4)C(=O)Nc5ccccc5F)C(=O)C)n(C)c2c1,0
54638225,COc1ccc(cc1)S(=O)(=O)N[C@H]2C=C[C@@H](CC(=O)NCCc3ccncc3)O[C@H]2CO,0
54645802,COC(=O)C[C@H]1C[C@@H]2[C@@H](Oc3ccc(NC(=O)c4ccc5OCOc5c4)cc23)[C@H](CO)O1,0
54613930,CC(C)NC(=O)Nc1ccc2O[C@H](CN(C)CC3CC3)[C@@H](C)CN([C@H](C)CO)C(=O)Cc2c1,0
54638473,COCc1cn(CC[C@@H]2CC[C@H](NC(=O)Nc3ccc(cc3)C(F)(F)F)[C@H](CO)O2)nn1,0
54646216,CN(C)c1ccc2O[C@H]3[C@@H](CO)O[C@@H](CC(=O)O)C[C@H]3c2c1,0
60185208,COc1ccc2c3c([nH]c2c1)[C@H](CO)N(Cc4ccc(F)cc4)CC35CCN(C)CC5,0
54645995,COc1cccc(c1)S(=O)(=O)Nc2ccc3O[C@H]4[C@H](CO)O[C@H](CC(=O)NC5CCCCC5)C[C@H]4c3c2,0
54618883,C[C@@H](CO)N1C[C@@H](C)[C@H](CN(C)S(=O)(=O)c2cn(C)cn2)Oc3cc(ccc3S1(=O)=O)C4=CCCCC4,0
54657885,COc1cccc(c1)S(=O)(=O)N2C[C@H](O)COC[C@@H]3O[C@@H](CC(=O)NCCCN4CCOCC4)CC[C@@H]23,0
60190197,OC[C@H]1[C@@H](c2ccccc2)C3(CN(C3)C(=O)C4CC4)N1S(=O)(=O)c5ccccc5,0
54646707,CS(=O)(=O)Nc1ccc2O[C@H]3[C@H](CO)O[C@@H](CC(=O)NCC4CC4)C[C@H]3c2c1,0
54658036,O[C@H]1CN[C@H]2CC[C@@H](CC(=O)NC3Cc4ccccc4C3)O[C@@H]2COC1,0
44486455,C[C@@H](CO)N1C[C@@H](C)[C@H](CN(C)Cc2ccc3OCOc3c2)Oc4ccc(NC(=O)Cc5cn(C)c6ccccc56)cc4C1=O,0
54654342,COc1cccc(NC(=O)Nc2ccc3OC[C@@H]4O[C@@H](CC(=O)NCCc5ccccc5)CC[C@H]4N(C)C(=O)c3c2)c1,0
54654104,COc1ccc(CNC(=O)C[C@H]2CC[C@@H]3[C@@H](COc4ccc(NC(=O)C(C)C)cc4C(=O)N3C)O2)cc1,0
23983744,CC1OC(OC2CCC3(C)C(CCC4(C)C3CC=C5C6CC(C)(C)CCC6(CCC45C)C(=O)OC7OC(CO)C(OC8OCC(OC9OC(CO)C(O)C(O)C9O)C(OC%10OCC(O)C(O)C%10O)C8O)C(O)C7O)C2(C)C)C(O)C(O)C1OC%11OCC(O)C(O)C%11O,0
54658014,Cn1cnc(c1)S(=O)(=O)N2C[C@H](O)COC[C@H]3O[C@@H](CC(=O)NCc4cccc(F)c4)CC[C@H]23,0
60189494,CC(C)C#Cc1ccc(cc1)[C@@H]2[C@H](CO)N3[C@@H]2CN(CC3=O)C(=O)c4ccc5OCOc5c4,0
54649652,CO[C@H]1CC[C@@H]2CCOc3ccc(cc3C(=O)N(C)C[C@H](OC)[C@@H](C)C(=O)N(C)C[C@H]1O2)C#N,0
3292,CCN1C(=O)NC(C1=O)c2ccccc2,0
54631760,CO[C@@H]1CN(C)C(=O)c2cc(NC(=O)NC(C)C)ccc2OC[C@H](C)N(C[C@@H]1C)C(=O)C3CCC3,0
443955,CCOC(=O)C1=C[C@]2(CC)CCCN3CCc4c([C@H]23)n1c5ccccc45,1
54657508,Cn1cnc(CCNC(=O)C[C@@H]2CC[C@@H]3[C@H](COC[C@H](O)CN3C(=O)Nc4ccc(cc4)C(F)(F)F)O2)c1,0
54632031,CO[C@H]1CN(C)C(=O)c2ccc(NS(=O)(=O)c3cccc(Cl)c3)cc2OC[C@@H](C)NC[C@@H]1C,0
44490222,CC(C)NC(=O)Nc1ccc2O[C@H](C)CCCCO[C@H](CN(C)C)[C@@H](C)CN([C@H](C)CO)C(=O)c2c1,0
23757203,COc1ccc2C=CC(=O)Oc2c1CC(O)C(C)(C)OC,0
3921152,COc1ccc2[nH]c(cc2c1)C(=O)c3ccccc3,1
54651601,CCCNC(=O)NC[C@@H]1[C@@H]([C@H](CO)N1C(=O)C)c2ccc(cc2)C3=CCCCC3,0
46916165,COc1ccc(cc1)C(=O)Nc2cc(Cl)c(Br)cc2C(=O)O,0
60189243,COc1cccc(c1)c2ccc(cc2)[C@@H]3[C@H](CO)N4[C@@H]3CNCC4=O,0
54660802,COC(=O)[C@@H]1[C@@H](CO)[C@@H]2CN3C(=O)C(=CC=C3[C@@H]2N1CCc4ccccc4)C=CC,0
31411,COc1ccc2[C@@H](OC(=O)c2c1OC)[C@@H]3N(C)CCc4cc5OCOc5c(OC)c34,1
54638739,OC[C@@H]1O[C@H](CC(=O)O)C=C[C@H]1NC(=O)c2ccccc2F,0
54645923,OC[C@H]1O[C@H](CC(=O)NCCN2CCCCC2)C[C@H]3[C@@H]1Oc4ccc(NS(=O)(=O)c5ccc(F)cc5)cc34,0
44246456,Cc1cc(C)cc(c1)S(=O)(=O)N2CCN(CC2)c3nc(nc4ccccc34)c5cccs5,0
54666535,COc1ccc(cc1)C#Cc2ccc(cc2)[C@@H]3[C@@H](CO)N4CCCCN(C)C[C@@H]34,0
31072,CCOC(=O)N1C=CN(C)C1=S,1
54618324,C[C@@H](CO)N1C[C@@H](C)[C@H](CN(C)Cc2ccc(cc2)C(=O)O)Oc3cc(ccc3S1(=O)=O)c4ccccc4C,0
44488153,C[C@H](CO)N1C[C@H](C)[C@@H](CN(C)C(=O)CCC(F)(F)F)OCc2cn(CCCC1=O)nn2,0
54638789,OC[C@@H]1O[C@H](CC(=O)N2CCCCC2)C=C[C@@H]1NC(=O)c3ccc4OCOc4c3,0
54618758,C[C@H](CO)N1C[C@H](C)[C@H](CN(C)Cc2ccccc2)Oc3cc(\C=C\c4ccccc4)ccc3S1(=O)=O,0
54638566,CCCNC(=O)N[C@H]1CC[C@@H](CCn2cc(nn2)c3cccc(F)c3)O[C@H]1CO,0
54646410,CN(C)c1ccc2O[C@H]3[C@H](CO)O[C@H](CC(=O)N4CCc5ccccc5C4)C[C@H]3c2c1,0
54666675,CN(C)CC(=O)N1CCCCN2[C@H](CO)[C@@H]([C@@H]2C1)c3ccc(\C=C\c4ccccc4)cc3,0
54638716,CCC(=O)N[C@@H]1CC[C@@H](CC(=O)NCc2ccccc2F)O[C@H]1CO,0
54666523,COc1ccccc1C#Cc2ccc(cc2)[C@@H]3[C@H](CO)N4CCCCN(C[C@@H]34)C(=O)C5CCC5,0
54657530,O[C@@H]1COC[C@@H]2O[C@H](CC(=O)N3CCN(CC3)c4ccccc4)CC[C@H]2N(C1)C(=O)c5cnccn5,0
3035842,C(C1CCNCC1)c2c[nH]cn2,1
5466054,CC(C)CC(NCc1c(O)ccc2C(=CC(=O)Oc12)C)C(=O)O,0
60190954,COc1ccccc1NC(=O)N2C[C@H]3[C@H]([C@@H](CO)N3C(=O)C2)c4ccc(cc4)C#CC(C)C,0
44488451,CC(C)NC(=O)Nc1ccc2O[C@H](CN(C)C)[C@H](C)CN([C@H](C)CO)C(=O)c2c1,0
44618908,COc1ccc(cc1)S(=O)(=O)N(C)C[C@H]2OCCCC[C@H](C)Oc3ccc(NS(=O)(=O)c4cn(C)cn4)cc3C(=O)N(C[C@H]2C)[C@H](C)CO,0
60191398,Cc1cccc(c1)c2ccc(cc2)[C@@H]3[C@H](CO)N4[C@@H]3CN(CC4=O)C(=O)c5ccc6OCOc6c5,0
54637808,C[C@H](CO)N1C[C@@H](C)[C@@H](CN(C)C(=O)Nc2ccc3OCOc3c2)OCc4ccccc4c5ccccc5C1=O,0
44498665,C[C@@H](CO)N1C[C@@H](C)[C@H](CN(C)Cc2ccc(Cl)c(Cl)c2)OCCCC[C@@H](C)Oc3ccc(cc3C1=O)N(C)C,0
10531,CN1C[C@@H](C[C@H]2[C@H]1Cc3c[nH]c4cccc2c34)C(=O)N[C@]5(C)O[C@@]6(O)[C@@H]7CCCN7C(=O)[C@H](Cc8ccccc8)N6C5=O,0
54638758,COC(=O)C[C@@H]1CC[C@H](NS(=O)(=O)c2ccccc2F)[C@H](CO)O1,0
44492670,C[C@H](CO)N1C[C@H](C)[C@@H](CN(C)Cc2ccc3OCOc3c2)Oc4ccc(NC(=O)Cc5ccccc5)cc4C1=O,0
54649379,CC(C)(C)[S@@](=O)N1Cc2cc(nc(c3cccc(c3)c4cccnc4)c2[C@H]1CCO)C(=O)NCCc5ccncc5,0
54649721,CO[C@@H]1CC[C@H]2CCOc3ccc(cc3C(=O)N(C)C[C@H](CC(=O)N(C)C[C@@H]1O2)c4ccccc4)C#N,0
44505259,C[C@H](CO)N1C[C@H](C)[C@@H](CN(C)Cc2ccc(C)cc2)OCc3cn(CCCC1=O)nn3,0
54688261,CC(=O)C[C@H](C1=C(O)c2ccccc2OC1=O)c3ccccc3,0
54618623,C[C@H](CO)N1C[C@H](C)[C@H](CN(C)S(=O)(=O)c2cccc(F)c2)Oc3cc(ccc3S1(=O)=O)C#CCN(C)C,0
54646670,OC[C@H]1O[C@H](CC(=O)NC2CCCCC2)C[C@@H]3[C@H]1Oc4ccc(NS(=O)(=O)c5ccc(F)cc5)cc34,0
5452,CSc1ccc2Sc3ccccc3N(CCC4CCCCN4C)c2c1,0
44620779,CC(C)NC(=O)Nc1ccc2O[C@@H](C)CCCCO[C@H](CN(C)C(=O)NC3CCCCC3)[C@H](C)CN([C@@H](C)CO)C(=O)c2c1,0
54654266,C[C@H](NC(=O)C[C@H]1CC[C@H]2[C@H](COc3ccc(NS(=O)(=O)c4ccc(Cl)cc4)cc3C(=O)N2C)O1)c5ccccc5,0
54618750,C[C@@H](CO)N1C[C@@H](C)[C@@H](CN(C)S(=O)(=O)c2ccc(C)cc2)Oc3cc(ccc3S1(=O)=O)C#Cc4ccncc4,0
54618587,COc1ccccc1C#Cc2cnc3O[C@H](CN(C)S(=O)(=O)c4cn(C)cn4)[C@H](C)CN([C@H](C)CO)C(=O)c3c2,0
54645856,OC[C@H]1O[C@H](CC(=O)NCC2CC2)C[C@H]3[C@@H]1Oc4ccc(NC(=O)CC5CC5)cc34,0
5501,CCOC(=O)NNc1nncc2ccccc12,1
54657507,Cn1cnc(CCNC(=O)C[C@@H]2CC[C@@H]3[C@H](COC[C@@H](O)CN3C(=O)Nc4ccc(cc4)C(F)(F)F)O2)c1,0
54638593,OC[C@H]1O[C@@H](CC(=O)NC2CCCCC2)C=C[C@@H]1NS(=O)(=O)c3ccc(F)cc3,0
54664932,CN1[C@@H](CO)[C@@H]2CCN([C@@H]2c3cc(ccc13)c4cccc(c4)C#N)C(=O)CC5CC5,0
54646639,C[C@H](NC(=O)C[C@H]1C[C@@H]2[C@@H](Oc3ccc(NC(=O)c4cccnc4)cc23)[C@H](CO)O1)c5ccccc5,0
60189200,OC[C@H]1[C@@H]([C@@H]2CN(CC(=O)N12)C(=O)C3CCOCC3)c4ccc(cc4)C#CCc5ccccc5,0
54646584,COc1ccc(NC(=O)Nc2ccc3O[C@@H]4[C@H](CO)O[C@@H](CC(=O)O)C[C@@H]4c3c2)cc1,0
54631974,CO[C@H]1CN(C)C(=O)c2ccc(NS(=O)(=O)c3cccc(Cl)c3)cc2OC[C@@H](C)NC[C@H]1C,0
54618852,C[C@H](CO)N1C[C@H](C)[C@@H](CN(C)Cc2cccc(c2)C(=O)O)Oc3cc(ccc3S1(=O)=O)C4=CCCCC4,0
54652714,COc1ccc(cc1)C(=O)N2C[C@H]3[C@H]([C@@H](CO)N3C(=O)Cc4ccccn4)c5ccccc25,0
54649135,CO[C@@H](CN(C)S(=O)(=O)c1ccc(Cl)cc1)[C@@H](C)CN([C@H](C)CO)C(=O)Nc2ccccc2F,0
2952127,CCOc1ccccc1NC(=O)C(C)Oc2ccc(OC)cc2,0
60190032,CCCC(=O)N1CCC2(CC1)CN([C@H](CO)c3[nH]c4cc(OC)ccc4c23)C(=O)Cc5ccccn5,0
54615038,C[C@@H](CO)N1C[C@@H](C)[C@H](CN(C)C(=O)c2ccncc2)OCCCC[C@@H](C)Oc3ccc(NC(=O)c4ccncc4)cc3C1=O,0
54618568,C[C@@H](CO)N1C[C@H](C)[C@@H](CN(C)C)Oc2cc(ccc2S1(=O)=O)C#Cc3ccccn3,0
54631792,CO[C@@H]1CN(C)C(=O)c2cc(NC(=O)c3cc(C)on3)ccc2OC[C@@H](C)NC[C@@H]1C,0
54638576,COc1cccc(c1)S(=O)(=O)N[C@H]2CC[C@@H](CCN)O[C@H]2CO,0
54661172,OC[C@H]1[C@@H]2CN3C(=O)C(=CC=C3[C@@H](N2)[C@@H]1C(=O)NCc4ccccc4)c5cccc(F)c5,0
44508006,C[C@@H](CO)N1C[C@H](C)[C@@H](CN(C)Cc2ccc(cc2)C(=O)Nc3ccccc3N)Oc4ccc(NC(=O)C5CCCCC5)cc4CC1=O,0
54638529,OC[C@H]1O[C@@H](CCNC(=O)Cc2ccccn2)CC[C@H]1NC(=O)Nc3ccc(Cl)cc3,0
54646212,OC[C@@H]1O[C@@H](CC(=O)NCC(F)(F)F)C[C@H]2[C@@H]1Oc3ccc(NC(=O)c4ccc5OCOc5c4)cc23,0
44489378,C[C@H](CO)N1C[C@H](C)[C@@H](CN(C)S(=O)(=O)C)Oc2ccc(NC(=O)CCCN(C)C)cc2C1=O,0
54619055,CNC[C@H]1Oc2ncc(cc2C(=O)N(C[C@H]1C)[C@H](C)CO)c3ccccc3F,0
5576,CN1C(=O)OC(C)(C)C1=O,1
54654530,CN1[C@@H]2CC[C@@H](CC(=O)O)O[C@@H]2COc3ccc(NC(=O)c4cccc(c4)C(F)(F)F)cc3C1=O,0
54637645,CO[C@@H](C(=O)N(C)C[C@H]1OCc2ccccc2c3ccccc3C(=O)N(C[C@H]1C)[C@H](C)CO)c4ccccc4,0
54646703,OC[C@@H]1O[C@@H](CC(=O)NCc2ccc3OCOc3c2)C[C@H]4[C@@H]1Oc5ccc(NC(=O)C6CCOCC6)cc45,0
54657941,O[C@@H]1COC[C@H]2O[C@H](CC(=O)NCC3CCCCC3)CC[C@@H]2N(Cc4cccc(Cl)c4)C1,0
54654346,COc1cccc(NC(=O)Nc2ccc3OC[C@@H]4O[C@@H](CC(=O)NCCc5ccccc5)CC[C@@H]4N(C)C(=O)c3c2)c1,0
747185,Cc1cc2nc(SCCN3CCCC3)[nH]c2cc1C,0
54646482,C[C@H](NC(=O)C[C@H]1C[C@H]2[C@H](Oc3ccc(NC(=O)C4CCOCC4)cc23)[C@H](CO)O1)c5ccccc5,0
4055,CC1=CC(=O)c2ccccc2C1=O,1
60191445,OC[C@H]1[C@H]([C@@H]2CN(CC(=O)N12)C(=O)c3ccc(F)cc3)c4ccc(cc4)C#CCC5CCCC5,0
21157,CCCCS(=N)(=O)CCC(N)C(=O)O,0
54646479,C[C@H](NC(=O)C[C@@H]1C[C@H]2[C@H](Oc3ccc(NC(=O)C4CCOCC4)cc23)[C@H](CO)O1)c5ccccc5,0
54637726,C[C@H](CO)N1C[C@@H](C)[C@@H](CN(C)C(=O)Nc2ccc(F)cc2)OCc3ccccc3c4ccccc4C1=O,0
44502236,C[C@H](CO)N1C[C@H](C)[C@@H](CN(C)Cc2ccc(Cl)c(Cl)c2)OCCCC[C@@H](C)Oc3ccc(NC(=O)NC4CCCCC4)cc3C1=O,0
3894,OC(=O)c1cc(ccc1O)N(Cc2ccccc2O)Cc3cc(O)ccc3O,0
54637972,C[C@@H](CO)N1C[C@H](C)[C@@H](CN(C)C(=O)[C@H](C)c2ccccc2)OCc3ccccc3c4ccccc4C1=O,0
4184,CN1CCN2C(C1)c3ccccc3Cc4ccccc24,0
5702036,C[C@@H]1CC2C3CCC4=CC(=O)C=C[C@]4(C)[C@@]3(F)[C@@H](O)C[C@]2(C)[C@@]1(O)C(=O)COC(=O)C,0
54654102,COc1ccc(CNC(=O)C[C@H]2CC[C@H]3[C@H](COc4ccc(NC(=O)C(C)C)cc4C(=O)N3C)O2)cc1,0
54649126,CO[C@H](CN(C)C(=O)c1cnccn1)[C@@H](C)CN([C@H](C)CO)S(=O)(=O)c2ccc(Cl)cc2,0
54637740,C[C@H](CO)N1C[C@H](C)[C@@H](CN(C)C(=O)Nc2ccnc(c2)N3CCOCC3)OCc4ccccc4c5ccccc5C1=O,0
54661090,CN(C)C(=O)[C@@H]1[C@@H](CO)[C@@H]2CN3C(=CC=C(C3=O)c4cccc(F)c4)[C@H]1N2Cc5ccccc5,0
54639059,N[C@H]1CC[C@@H](CCn2cc(nn2)c3ccccn3)O[C@H]1CO,0
54657571,O[C@H]1COC[C@@H]2O[C@@H](CC(=O)N[C@@H]3CCN(Cc4ccccc4)C3)CC[C@H]2N(Cc5cocn5)C1,0
3025,CCCCOc1cc(C(=O)NCCN(CC)CC)c2ccccc2n1,1
94701,CC[C@H](C)[C@H](N)C(=O)N1CCC[C@H]1C(=O)N[C@@H]([C@@H](C)CC)C(=O)O,0
54649684,CO[C@H]1CC[C@@H]2CCN(C)C(=O)[C@H](C)N(C)C(=O)c3cc(ccc3OC[C@@H]1O2)C#N,0
54649663,CO[C@@H]1CC[C@H]2CCOc3ccc(cc3C(=O)N(C)C[C@@H](C)C(=O)N(C)C[C@@H]1O2)C#N,0
54637811,C[C@H](CO)N1C[C@H](C)[C@H](CN(C)C(=O)N[C@@H](C)c2ccccc2)OCc3ccccc3c4ccccc4C1=O,0
54631624,CO[C@H]1CN(C)C(=O)c2ccc(NC(=O)Cc3ccccc3)cc2OC[C@@H](C)N(C[C@H]1C)C(=O)c4ccccc4F,0
54645970,COc1ccccc1CNC(=O)C[C@@H]2C[C@@H]3[C@@H](Oc4ccc(NC(=O)Nc5ccc(cc5)C(F)(F)F)cc34)[C@@H](CO)O2,0
54615061,C[C@H](CO)N1C[C@@H](C)[C@@H](CN(C)CC2CC2)OCCCC[C@@H](C)Oc3ccc(NC(=O)c4ccccc4)cc3C1=O,0
5790,OC[C@H]1O[C@H](C[C@@H]1O)N2C=C(F)C(=O)NC2=O,1
56835444,C[C@@H](CO)N1C[C@H](C)[C@H](CN(C)C(=O)[C@H](C)c2ccccc2)OCc3ccccc3c4ccccc4C1=O,0
60187403,COc1ccc2c3c([C@H](CO)NCC34CCN(CC4)C(=O)c5cccc(F)c5)n(C)c2c1,0
54647052,OC[C@@H]1O[C@H](CC(=O)NCc2cc(F)ccc2F)C[C@@H]3[C@H]1Oc4ccc(NC(=O)Nc5ccccc5F)cc34,0
54632158,COCC(=O)N1C[C@H](C)[C@H](CN(C)C(=O)c2ccc(NC(=O)c3cnccn3)cc2OC[C@H]1C)OC,0
9967941,Cc1cccc(n1)c2[nH]c(nc2c3ccc4nccnc4c3)C(C)(C)C,0
54618334,CC(C)NC(=O)N(C)C[C@@H]1Oc2cc(ccc2S(=O)(=O)N(C[C@H]1C)[C@H](C)CO)C#C[C@H](C)O,0
54645839,COc1ccc(CNC(=O)C[C@H]2C[C@@H]3[C@@H](Oc4ccc(NC(=O)C5CCC5)cc34)[C@H](CO)O2)cc1,0
54657628,O[C@H]1COC[C@@H]2O[C@H](CC(=O)NC3Cc4ccccc4C3)CC[C@H]2N(C1)C(=O)Cc5ccccc5,0
54664801,OC[C@H]1Nc2ccc(Br)cc2[C@@H]3[C@H]1CCN3C(=O)C4CCOCC4,0
119565,CCCCS(=N)(=O)CC[C@H](N)C(=O)O,0
54631287,CO[C@H]1CN(C)C(=O)c2ccc(NC(=O)c3cnccn3)cc2OC[C@@H](C)NC[C@@H]1C,0
21678144,CC(C)[C@@H]1CC[C@@H](C)C[C@@H]1P(=O)(c2ccccc2)c3ccccc3,0
42623900,OC[C@H](Cc1ccccc1)Nc2nc(Oc3ccc4CCCc4c3)nc5c2ncn5Cc6ccc(cc6)c7ccccc7,0
54650016,OC[C@H]1N[C@@H](C#N)[C@@H]1c2ccc(cc2)c3cccc(F)c3,0
56835297,C[C@@H](CO)N1C[C@@H](C)[C@H](CN(C)S(=O)(=O)CC(F)(F)F)OCc2ccccc2c3c(C1=O)n(C)c4ccccc34,0
54646464,COCC(=O)Nc1ccc2O[C@H]3[C@@H](CO)O[C@@H](CC(=O)NCc4ccccc4F)C[C@H]3c2c1,0
54618307,COc1ccccc1C#Cc2ccc3c(O[C@H](CN(C)Cc4cccnc4)[C@H](C)CN([C@H](C)CO)S3(=O)=O)c2,0
54666679,COc1cccc(c1)c2ccc(cc2)[C@@H]3[C@H](CO)N4CCCCN(C[C@@H]34)C(=O)c5ccc(F)cc5,0
54618503,COc1ccc(NC(=O)N(C)C[C@@H]2Oc3cc(ccc3S(=O)(=O)N(C[C@H]2C)[C@H](C)CO)c4cccc(c4)C(=O)N(C)C)cc1,0
54649610,CO[C@@H]1CC[C@@H]2CCOc3c(cccc3C(=O)N(C)C[C@@H](OC)[C@@H](C)C(=O)N(C)C[C@@H]1O2)C#N,0
54646377,CN(C)CC(=O)Nc1ccc2O[C@@H]3[C@H](CO)O[C@@H](CC(=O)NCc4ccc(cc4)c5ccccc5)C[C@@H]3c2c1,0
24058669,CC[C@]1(O)C[C@H]2CN(CCc3c([nH]c4ccccc34)[C@@](C2)(C(=O)OC)c5cc6c(cc5OC)N(C=O)[C@H]7[C@](O)([C@H](OC(=O)C)[C@@]8(CC)C=CCN9CC[C@]67[C@H]89)C(=O)OC)C1,0
54638556,OC[C@H]1O[C@@H](CC(=O)NCc2cccc(F)c2)CC[C@H]1NC(=O)CN3CCOCC3,0
60185077,COc1ccc2c3c([nH]c2c1)[C@H](CO)N(CC34CCN(Cc5cncnc5)CC4)C(=O)CN(C)C,0
5394,CN1N=Nc2c(ncn2C1=O)C(=O)N,0
54637826,COc1cccc(c1)S(=O)(=O)N(C)C[C@@H]2OCc3ccccc3c4c(C(=O)N(C[C@@H]2C)[C@@H](C)CO)n(C)c5ccccc45,0
44504925,C[C@H](CO)N1C[C@@H](C)[C@@H](CN(C)S(=O)(=O)c2ccc(C)cc2)OCc3cn(CCCC1=O)nn3,0
44484893,COc1ccc(NC(=O)Nc2ccc3O[C@@H](CN(C)Cc4ccc5OCOc5c4)[C@@H](C)CN([C@@H](C)CO)C(=O)c3c2)cc1,0
54638616,OC[C@@H]1O[C@H](CCNC(=O)Nc2ccc(cc2)C(F)(F)F)CC[C@@H]1NC(=O)c3cccnc3,0
60185249,COc1cccc(c1)c2ccc(cc2)[C@@H]3[C@@H]4CN(C[C@H]3N4)C(=O)Nc5ccccc5F,0
1287820,COc1ccc(Cn2c3ccc(Br)cc3c4nc5ccccc5nc24)cc1OC,0
60189973,COc1cccc(CN2CC3(CCN(CC3)S(=O)(=O)C)c4c([C@@H]2CO)n(C)c5cc(OC)ccc45)c1,0
44460113,Fc1cc(cc(F)c1F)C(=O)OCC#CCSc2oc(nn2)c3cccc4ccccc34,0
4302963,COc1ccc(cc1)C(=O)c2c(C)n(CCN3CCOCC3)c4cc(I)ccc24,1
54661178,CC=CC1=CC=C2[C@H]3[C@@H](CN2C1=O)[C@H](CO)[C@H](N3C)C(=O)N4CCC(Cc5ccccc5)CC4,0
54618410,C[C@@H](CO)N1C[C@H](C)[C@H](CN(C)Cc2ccc(cc2)C(=O)O)Oc3ncc(cc3C1=O)C#CCc4ccccc4,0
44498824,COc1ccc(NC(=O)N(C)C[C@H]2Oc3c(NC(=O)c4cc(C)nn4C)cccc3C(=O)N(C[C@H]2C)[C@@H](C)CO)cc1,0
50904525,COc1ccc2cc(ccc2c1)c3cn(nn3)C(=O)N(c4ccccc4)c5ccccc5,0
7694069,O=C(Cn1c2C(=O)N3CCSC3=Nc2c4ccccc14)N5CCCC5,0
54649478,CO[C@@H]1CC[C@@H]2CCN(C)C(=O)[C@@H](C)[C@H](CN(C)C(=O)c3cccc(C#N)c3OC[C@@H]1O2)OC,0
54631388,CCS(=O)(=O)Nc1ccc2OC[C@H](C)N(C[C@H](C)[C@H](CN(C)C(=O)c2c1)OC)C(=O)c3ccc4OCOc4c3,0
54638692,OC[C@H]1O[C@@H](CC(=O)N2CCc3ccccc3C2)CC[C@@H]1NC(=O)Nc4cc(F)ccc4F,0
54638608,Cc1ccc(cc1)S(=O)(=O)N[C@H]2CC[C@@H](CCn3cc(nn3)c4cccnc4)O[C@@H]2CO,0
54649235,CO[C@H](CN(C)Cc1ccc2OCOc2c1)[C@H](C)CN([C@@H](C)CO)C(=O)c3ccccc3,0
54618185,C[C@H](CO)N1C[C@H](C)[C@H](CN(C)Cc2cccnc2)Oc3ncc(cc3C1=O)c4cccc(c4)C#N,0
44505623,C[C@@H](CO)N1C[C@@H](C)[C@H](CN(C)C(=O)Nc2c(C)onc2C)OCc3cnnn3CCCC1=O,0
6710614,C[C@H]1CC2C3CCC4=CC(=O)C=C[C@]4(C)[C@@]3(F)[C@@H](O)C[C@]2(C)[C@@]1(O)C(=O)CO,0
44506448,ONC(=O)CCCCC(=O)NN=Cc1ccc(cc1)c2ccccc2,0
60185278,C(N1C[C@@H]2N[C@H](C1)[C@H]2c3ccc(cc3)c4ccccc4)c5cccnc5,0
44486957,C[C@@H](CO)N1C[C@H](C)[C@@H](CN(C)C(=O)c2ccccc2)OCc3cn(CCCC1=O)nn3,0
54632153,CO[C@H]1CN(C)C(=O)c2cc(NC(=O)c3ccc4OCOc4c3)ccc2OC[C@H](C)N(CC5CC5)C[C@H]1C,0
54637758,C[C@@H](CO)N1C[C@@H](C)[C@@H](CN(C)C(=O)Nc2ccccc2C(F)(F)F)OCc3ccccc3c4ccccc4C1=O,0
1548076,C1CCc2ncc(c3ccc(cc3)c4ccccc4)n2CC1,0
54654520,CN1[C@@H]2CC[C@@H](CC(=O)NCC3CCCCC3)O[C@@H]2COc4ccc(NC(=O)C5CCOCC5)cc4C1=O,0
54632230,CO[C@H]1CN(C)C(=O)c2ccc(NC(=O)Nc3c(C)onc3C)cc2OC[C@@H](C)N(CC4CC4)C[C@H]1C,0
25243735,C[C@H]1CN(CCN1S(=O)(=O)c2ccc3OCCOc3c2)S(=O)(=O)c4c(F)cccc4F,0
54652690,CC(C)NC(=O)N1[C@@H](CO)[C@@H]2[C@H]1CN(C)c3ccccc23,0
60190218,COc1ccc2c3c([C@H](CO)N(CC4CC4)CC35CN(C5)C(=O)CC6CC6)n(C)c2c1,0
162834,CN1CC(=O)N=C1NC(=O)Nc2cccc(Cl)c2,0
54654170,CNC(=O)C[C@H]1CC[C@@H]2[C@@H](COc3ccc(NC(=O)c4cc(F)cc(F)c4)cc3C(=O)N2C)O1,0
54638647,COc1cccc(NC(=O)N[C@@H]2CC[C@H](CC(=O)N3CCCCC3)O[C@@H]2CO)c1,0
54626408,C[C@H](CO)N1C[C@@H](C)[C@@H](CN(C)CC2CC2)Oc3cc(ccc3S1(=O)=O)c4ccc(cc4)C#N,0
54652536,COc1cccc(c1)C(=O)N2C[C@H]3[C@H]([C@H](CO)N3Cc4ccccc4Cl)c5ccccc25,0
1864426,COc1ccc(Cl)cc1Nc2nnc(s2)c3ccncc3,0
54654010,COc1cccc(NC(=O)C[C@H]2CC[C@@H]3[C@@H](COc4ccc(NC(=O)C5CCOCC5)cc4C(=O)N3C)O2)c1,0
60189933,CC(C)NC(=O)N1CC2(C1)[C@@H]([C@H](CO)N2C(=O)C)c3ccc(cc3)C4=CCCC4,0
54618917,COCC#Cc1ccc2c(O[C@H](CN(C)Cc3ccccn3)[C@H](C)CN([C@H](C)CO)S2(=O)=O)c1,0
54652484,COCC(=O)N1[C@H](CO)[C@H]2[C@@H]1CN(C(=O)Nc3cc(F)ccc3F)c4ccccc24,0
1294885,FC(F)(F)c1ccc(Cl)c(Nc2nnc(s2)c3ccncc3)c1,0
54625716,C[C@@H](CO)N1C[C@@H](C)[C@@H](CN(C)C(=O)c2ccccc2)Oc3ncc(cc3C1=O)c4ccc(C)cc4,0
54666514,Cc1ccccc1c2ccc(cc2)[C@@H]3[C@H](CO)N4CCCCN(C[C@@H]34)S(=O)(=O)Cc5ccccc5,0
